{
	"urlBaseType": "relativeToHTML",
	"metadata": {
		"formatVersion" : 3.2,
		"type"          : "scene",
		"sourceFile"    : "",
		"generatedBy"   : "Blender 2.7 Exporter",
		"objects"       : 3,
		"geometries"    : 1,
		"materials"     : 1,
		"textures"      : 0
	},

	"objects": {
		"Cube": {
			"type"          : "TriMeshGeometry",
			"geometry"      : "data/objects/cube.obj",
			"groups"        : [  ],
			"material"      : "data/materials/Stones.gmd",
			"position"      : [ 0.2, 0, 0 ],
			"rotation"      : [ -1.5708, 0, 0 ],
			"quaternion"    : [ -0.707107, -0.2, 0, 0.707107 ],
			"scale"         : [ 1, 1, 1 ],
			"visible"       : true,
			"castShadow"    : false,
			"receiveShadow" : false,
			"doubleSided"   : false
		},
		"Lamp": {
			"type"      : "PointLight",
			"position"  : [ 4.07625, 5.90386, 1.00545 ],
			"rotation"  : [ 0.650328, 1.86639, 0.0552171 ],
			"color"     : 16777215,
			"distance"  : 100.000,
			"intensity" : 1.000
		},
		"Camera": {
			"type"     : "PerspectiveCamera",
			"fov"      : 49.159264,
			"aspect"   : 1.333000,
			"near"     : 0.100000,
			"far"      : 100.000000,
			"position" : [ 7.48113, 5.34367, 6.50764 ],
			"target"   : [ 0, 0, 0 ]
		}
	},

	"geometries": {
		"geo_Cube.001": {
			"type" : "embedded",
			"id"   : "emb_Cube.001"
		}
	},

	"materials": {
		"Material": {
			"type"       : "MeshLambertMaterial",
			"parameters" : { "color": 10724259, "ambient": 10724259, "emissive": 0, "opacity": 1, "blending": "NormalBlending" }
		}
	},

	"embeds": {
		"emb_Cube.001": {
			"scale" : 1.000000,
			
			"vertices" : [1,0,-1,1,-1,-1,-1,0,-1,0,1,-1,1,0,1,0,-1,1,-1,0,1,0,1,1],
			"faces"    : [35,0,1,2,3,0,0,1,2,3,35,4,7,6,5,0,4,5,6,7,35,0,4,5,1,0,0,4,7,1,35,1,5,6,2,0,1,7,6,2,35,2,6,7,3,0,2,6,5,3,35,4,0,3,7,0,4,0,3,5],
			"uvs"      : [],
			"normals"  : [0.577349,0.577349,-0.577349,0.577349,-0.577349,-0.577349,-0.577349,-0.577349,-0.577349,-0.577349,0.577349,-0.577349,0.577349,0.577349,0.577349,-0.577349,0.577349,0.577349,-0.577349,-0.577349,0.577349,0.577349,-0.577349,0.577349],
			
			"skinIndices"  : [],
			"skinWeights"  : [],
			"morphTargets" : [],
			
			"bones"      : [],
			"animations" : [],
			
			"colors"    : [],
			"materials" : [
				{
					"DbgColor": 15658734,
					"DbgIndex": 0,
					"DbgName": "Material",
					"blending": "NormalBlending",
					"colorAmbient": [0.6400000190734865, 0.6400000190734865, 0.6400000190734865],
					"colorDiffuse": [0.6400000190734865, 0.6400000190734865, 0.6400000190734865],
					"colorEmissive": [0.0, 0.0, 0.0],
					"colorSpecular": [0.5, 0.5, 0.5],
					"depthTest": true,
					"depthWrite": true,
					"shading": "Lambert",
					"specularCoef": 50,
					"transparency": 1.0,
					"transparent": false,
					"vertexColors": false
				}
			]
		}
	},

	"options": {
        "god_ray_settings": {
            "intensity":0,
            "maxraylenght":false,
            "stepsperpass":10
        }
	},

	"transform": {
		"position" : [ 0, 0, 0 ],
		"rotation" : [ 0, 0, 0 ],
		"scale"    : [ 1, 1, 1 ]
	},
	"defaults": {
		"bgcolor" : [ 0, 0, 0 ],
		"bgalpha" : 1.000000,
		"camera"  : "default_camera"
	}
}
